Iestādes nosaukums,name,institution_id,LON,LAT,Vēsturiskie nosaukumi,Veids,Tips,Reģistrācijas numurs,Juridiskais statuss,Reģistrācijas datums,Apliecības izdošanas datums,LR IZM iestādes kods,Dibināšanas datums,Adrese,Adreses kods,Pilsēta,Priekšpilsēta,Iela,Mājas numurs,Pasta indekss,Mācību telpu platība,E-pasts,Mājas lapas adrese,Akreditācija no,Akreditācija līdz,Akreditācijas numurs,Apkaimes nosaukums
Rīgas 104. pirmsskolas izglītības iestāde,Rīgas 104. pirmsskolas izglītības iestāde,1482,"24,007702","56,962526",,Pirmsskolas izglītības iestāde,Pirmsskolas izglītības iestāde,3501901764,Pastarpinātās pārvaldes iestāde,20.11.2001,20.11.2001,350113,20.11.2001,"SLOKAS IELA 207, KURZEMES RAJONS, RĪGA, LV-1069",10000,RĪGA,KURZEMES RAJONS,SLOKAS IELA,207,LV-1069,2476,r104pii@riga.lv,,,,,Imanta
Rīgas 106. pirmsskolas izglītības iestāde,Rīgas 106. pirmsskolas izglītības iestāde,878,"24,181809","56,96314",,Pirmsskolas izglītības iestāde,Pirmsskolas izglītības iestāde,3701901852,Pastarpinātās pārvaldes iestāde,12.12.2001,12.12.2001,370118,12.12.2001,"ŪNIJAS IELA 83, VIDZEMES PRIEKŠPILSĒTA, RĪGA, LV-1084",10000,RĪGA,VIDZEMES PRIEKŠPILSĒTA,ŪNIJAS IELA,83,LV-1084,2557,r106pii@riga.lv,,,,,Purvciems
Rīgas 11. pirmsskolas izglītības iestāde,Rīgas 11. pirmsskolas izglītības iestāde,1076,"24,092036","56,941842",,Pirmsskolas izglītības iestāde,Pirmsskolas izglītības iestāde,3801901653,Pastarpinātās pārvaldes iestāde,25.09.2001,17.01.2011,380102,25.09.2001,"RAŅĶA DAMBIS 3, ZEMGALES PRIEKŠPILSĒTA, RĪGA, LV-1007",10000,RĪGA,ZEMGALES PRIEKŠPILSĒTA,RAŅĶA DAMBIS,3,LV-1007,2292,r11pii@riga.lv,,,,,Āgenskalns
Rīgas 110. pirmsskolas izglītības iestāde,Rīgas 110. pirmsskolas izglītības iestāde,1412,"24,090335","57,035733",,Pirmsskolas izglītības iestāde,Pirmsskolas izglītības iestāde,3901901911,Pastarpinātās pārvaldes iestāde,23.01.2002,23.01.2002,390115,23.01.2002,"BALTĀSBAZNĪCAS IELA 29, ZIEMEĻU RAJONS, RĪGA, LV-1015",10000,RĪGA,ZIEMEĻU RAJONS,BALTĀSBAZNĪCAS IELA,29,LV-1015,2770,r110pii@riga.lv,,,,,Vecmilgrāvis
Rīgas 112. pirmsskolas izglītības iestāde,Rīgas 112. pirmsskolas izglītības iestāde,1168,"24,218175","56,987722",,Pirmsskolas izglītības iestāde,Pirmsskolas izglītības iestāde,3701901846,Pastarpinātās pārvaldes iestāde,07.12.2001,07.12.2001,370116,07.12.2001,"BRĪVĪBAS GATVE 363, VIDZEMES PRIEKŠPILSĒTA, RĪGA, LV-1024",10000,RĪGA,VIDZEMES PRIEKŠPILSĒTA,BRĪVĪBAS GATVE,363,LV-1024,897,r112pii@riga.lv,,,,,Jugla
Rīgas 123. pirmsskolas izglītības iestāde,Rīgas 123. pirmsskolas izglītības iestāde,937,"24,07053","56,945466",,Pirmsskolas izglītības iestāde,Pirmsskolas izglītības iestāde,3501901731,Pastarpinātās pārvaldes iestāde,25.10.2001,25.10.2001,350104,25.10.2001,"KRISTAPA IELA 39, KURZEMES RAJONS, RĪGA, LV-1046",10000,RĪGA,KURZEMES RAJONS,KRISTAPA IELA,39,LV-1046,1016,r123pii@riga.lv,www.e-skola.lv,,,,Āgenskalns
"Rīgas 124. pirmsskolas izglītības iestāde ""Dzērvenīte""","Rīgas 124. pirmsskolas izglītības iestāde ""Dzērvenīte""",1042,"24,093404","56,917518",,Pirmsskolas izglītības iestāde,Pirmsskolas izglītības iestāde,3801901889,Pastarpinātās pārvaldes iestāde,15.01.2002,15.01.2002,380116,15.01.2002,"BĒRZUPES IELA 3, ZEMGALES PRIEKŠPILSĒTA, RĪGA, LV-1004",10000,RĪGA,ZEMGALES PRIEKŠPILSĒTA,BĒRZUPES IELA,3,LV-1004,922,rpiidzer@riga.lv,,,,,Ziepniekkalns
Rīgas 125. pirmsskolas izglītības iestāde,Rīgas 125. pirmsskolas izglītības iestāde,923,"24,171386","56,926632",,Pirmsskolas izglītības iestāde,Pirmsskolas izglītības iestāde,3601901961,Pastarpinātās pārvaldes iestāde,08.02.2002,08.02.2002,360115,08.02.2002,"SALACAS IELA 28, LATGALES PRIEKŠPILSĒTA, RĪGA, LV-1019",10000,RĪGA,LATGALES PRIEKŠPILSĒTA,SALACAS IELA,28,LV-1019,959,r125pii@riga.lv,,,,,Maskavas forstate
Rīgas 126. pirmsskolas izglītības iestāde,Rīgas 126. pirmsskolas izglītības iestāde,1638,"24,195011","56,980262",,Pirmsskolas izglītības iestāde,Pirmsskolas izglītības iestāde,3701901687,Pastarpinātās pārvaldes iestāde,16.10.2001,16.10.2001,370105,16.10.2001,"ZEMGAĻU IELA 23b, VIDZEMES PRIEKŠPILSĒTA, RĪGA, LV-1006",10000,RĪGA,VIDZEMES PRIEKŠPILSĒTA,ZEMGAĻU IELA,23b,LV-1006,828,r126pii@riga.lv,,,,,Teika
"Rīgas 13. pirmsskolas izglītības iestāde ""Ābecītis""","Rīgas 13. pirmsskolas izglītības iestāde ""Ābecītis""",1622,"24,088329","56,926308",,Pirmsskolas izglītības iestāde,Pirmsskolas izglītības iestāde,3801901833,Pastarpinātās pārvaldes iestāde,03.12.2001,03.12.2001,380108,03.12.2001,"ALTONAVAS IELA 1, ZEMGALES PRIEKŠPILSĒTA, RĪGA, LV-1004",10000,RĪGA,ZEMGALES PRIEKŠPILSĒTA,ALTONAVAS IELA,1,LV-1004,1767,r13pii@riga.lv,,,,,Torņakalns
"Rīgas 132. pirmsskolas izglītības iestāde ""Ieviņa""","Rīgas 132. pirmsskolas izglītības iestāde ""Ieviņa""",1680,"24,070058","56,933918",,Pirmsskolas izglītības iestāde,Pirmsskolas izglītības iestāde,3801901863,Pastarpinātās pārvaldes iestāde,17.12.2001,17.12.2001,380113,17.12.2001,"VENTSPILS IELA 13a, ZEMGALES PRIEKŠPILSĒTA, RĪGA, LV-1002",10000,RĪGA,ZEMGALES PRIEKŠPILSĒTA,VENTSPILS IELA,13a,LV-1002,733,rpiiievi@riga.lv,,,,,Āgenskalns
"Rīgas 135. pirmsskolas izglītības iestāde ""Liepziediņi""","Rīgas 135. pirmsskolas izglītības iestāde ""Liepziediņi""",936,"24,177722","56,982519",,Pirmsskolas izglītības iestāde,Pirmsskolas izglītības iestāde,3901901680,Pastarpinātās pārvaldes iestāde,12.10.2001,20.02.2002,390107,12.10.2001,"ČIEKURKALNA 1. LĪNIJA 53a, ZIEMEĻU RAJONS, RĪGA, LV-1026",10000,RĪGA,ZIEMEĻU RAJONS,ČIEKURKALNA 1. LĪNIJA,53a,LV-1026,1006,r135pii@riga.lv,,,,,Čiekurkalns
Rīgas 139. pirmsskolas izglītības iestāde,Rīgas 139. pirmsskolas izglītības iestāde,938,"24,062483","56,971965",,Pirmsskolas izglītības iestāde,Pirmsskolas izglītības iestāde,3501901732,Pastarpinātās pārvaldes iestāde,25.10.2001,31.10.2014,350105,25.10.2001,"LIDOŅU IELA 10A, KURZEMES RAJONS, RĪGA, LV-1055",10000,RĪGA,KURZEMES RAJONS,LIDOŅU IELA,10A,LV-1055,1282,r139pii@riga.lv,,,,,Iļģuciems
Rīgas 14. pirmsskolas izglītības iestāde,Rīgas 14. pirmsskolas izglītības iestāde,1069,"24,048718","56,956723",,Pirmsskolas izglītības iestāde,Pirmsskolas izglītības iestāde,3501901723,Pastarpinātās pārvaldes iestāde,23.10.2001,23.10.2001,350102,23.10.2001,"TAPEŠU IELA 48, KURZEMES RAJONS, RĪGA, LV-1083",10000,RĪGA,KURZEMES RAJONS,TAPEŠU IELA,48,LV-1083,2597,r14pii@riga.lv,,,,,Dzirciems
"Rīgas 141. pirmsskolas izglītības iestāde ""Kastanītis""","Rīgas 141. pirmsskolas izglītības iestāde ""Kastanītis""",1365,"24,116492","56,912016",,Pirmsskolas izglītības iestāde,Pirmsskolas izglītības iestāde,3801901887,Pastarpinātās pārvaldes iestāde,15.01.2002,15.01.2002,380115,15.01.2002,"STĒRSTU IELA 19, ZEMGALES PRIEKŠPILSĒTA, RĪGA, LV-1004",10000,RĪGA,ZEMGALES PRIEKŠPILSĒTA,STĒRSTU IELA,19,LV-1004,1170,rpiikast@riga.lv,,,,,Ziepniekkalns
Rīgas 145. pirmsskolas izglītības iestāde,Rīgas 145. pirmsskolas izglītības iestāde,1074,"24,135922","57,017868",,Pirmsskolas izglītības iestāde,Pirmsskolas izglītības iestāde,3901901665,Pastarpinātās pārvaldes iestāde,03.10.2001,03.10.2001,390102,03.10.2001,"MORES IELA 8, ZIEMEĻU RAJONS, RĪGA, LV-1034",10000,RĪGA,ZIEMEĻU RAJONS,MORES IELA,8,LV-1034,606,r145pii@riga.lv,,,,,Mīlgrāvis
Rīgas 148. pirmsskolas izglītības iestāde,Rīgas 148. pirmsskolas izglītības iestāde,949,"24,125537","56,964316",,Pirmsskolas izglītības iestāde,Pirmsskolas izglītības iestāde,3701901775,Pastarpinātās pārvaldes iestāde,21.11.2001,21.11.2001,370110,21.11.2001,"TOMSONA IELA 18, VIDZEMES PRIEKŠPILSĒTA, RĪGA, LV-1013",10000,RĪGA,VIDZEMES PRIEKŠPILSĒTA,TOMSONA IELA,18,LV-1013,1001,r418pii@riga.lv,,,,,Centrs
"Rīgas 149. pirmsskolas izglītības iestāde ""Saulīte""","Rīgas 149. pirmsskolas izglītības iestāde ""Saulīte""",1088,"24,086441","56,926448",,Pirmsskolas izglītības iestāde,Pirmsskolas izglītības iestāde,3801901688,Pastarpinātās pārvaldes iestāde,16.10.2001,16.10.2001,380105,16.10.2001,"BIEŠU IELA 2a, ZEMGALES PRIEKŠPILSĒTA, RĪGA, LV-1004",10000,RĪGA,ZEMGALES PRIEKŠPILSĒTA,BIEŠU IELA,2a,LV-1004,1047,r149saul@riga.lv,,,,,Torņakalns
Rīgas 15. pirmsskolas izglītības iestāde,Rīgas 15. pirmsskolas izglītības iestāde,1636,"24,17622","57,04509",,Pirmsskolas izglītības iestāde,Pirmsskolas izglītības iestāde,3901901866,Pastarpinātās pārvaldes iestāde,17.12.2001,17.12.2001,390114,17.12.2001,"GAILEŅU IELA 5, ZIEMEĻU RAJONS, RĪGA, LV-1023",10000,RĪGA,ZIEMEĻU RAJONS,GAILEŅU IELA,5,LV-1023,775,r15pii@riga.lv,,,,,Jaunciems
Rīgas 152. pirmsskolas izglītības iestāde,Rīgas 152. pirmsskolas izglītības iestāde,1595,"24,242771","56,988622",,Pirmsskolas izglītības iestāde,Pirmsskolas izglītības iestāde,3701901872,Pastarpinātās pārvaldes iestāde,19.12.2001,01.02.2013,370123,19.12.2001,"JUGLAS IELA 1b, VIDZEMES PRIEKŠPILSĒTA, RĪGA, LV-1024",10000,RĪGA,VIDZEMES PRIEKŠPILSĒTA,JUGLAS IELA,1b,LV-1024,1016,r152pii@riga.lv,,,,,Jugla
Rīgas 154. pirmsskolas izglītības iestāde,Rīgas 154. pirmsskolas izglītības iestāde,1541,"24,19668","56,959461",,Pirmsskolas izglītības iestāde,Pirmsskolas izglītības iestāde,3701901826,Pastarpinātās pārvaldes iestāde,03.12.2001,03.12.2001,370115,03.12.2001,"ANDROMEDAS GATVE 3, VIDZEMES PRIEKŠPILSĒTA, RĪGA, LV-1084",10000,RĪGA,VIDZEMES PRIEKŠPILSĒTA,ANDROMEDAS GATVE,3,LV-1084,2054,r154pii@riga.lv,,,,,Purvciems
Rīgas 160. pirmsskolas izglītības iestāde,Rīgas 160. pirmsskolas izglītības iestāde,1023,"24,234408","56,987245",,Pirmsskolas izglītības iestāde,Pirmsskolas izglītības iestāde,3701901860,Pastarpinātās pārvaldes iestāde,17.12.2001,15.11.2012,370121,17.12.2001,"VANGAŽU IELA 40a, VIDZEMES PRIEKŠPILSĒTA, RĪGA, LV-1024",10000,RĪGA,VIDZEMES PRIEKŠPILSĒTA,VANGAŽU IELA,40a,LV-1024,1022,r160pii@riga.lv,,,,,Jugla
Rīgas 161. pirmsskolas izglītības iestāde,Rīgas 161. pirmsskolas izglītības iestāde,1172,"24,1144","57,02871",,Pirmsskolas izglītības iestāde,Pirmsskolas izglītības iestāde,3901901702,Pastarpinātās pārvaldes iestāde,22.10.2001,25.04.2002,390110,22.10.2001,"AUGUSTA DOMBROVSKA IELA 9c, ZIEMEĻU RAJONS, RĪGA, LV-1015",10000,RĪGA,ZIEMEĻU RAJONS,AUGUSTA DOMBROVSKA IELA,9c,LV-1015,1105,r161pii@riga.lv,,,,,Vecmilgrāvis
"Rīgas 162. pirmsskolas izglītības iestāde ""Saulīte""","Rīgas 162. pirmsskolas izglītības iestāde ""Saulīte""",805,"24,133197","57,017655",,Pirmsskolas izglītības iestāde,Pirmsskolas izglītības iestāde,3901901960,Pastarpinātās pārvaldes iestāde,08.02.2002,20.02.2002,390116,08.02.2002,"LĒDURGAS IELA 18a, ZIEMEĻU RAJONS, RĪGA, LV-1034",10000,RĪGA,ZIEMEĻU RAJONS,LĒDURGAS IELA,18a,LV-1034,641,r162pii@riga.lv,,,,,Mīlgrāvis
Rīgas 167. pirmsskolas izglītības iestāde,Rīgas 167. pirmsskolas izglītības iestāde,1745,"24,188762","56,966597",,Pirmsskolas izglītības iestāde,Pirmsskolas izglītības iestāde,3701901726,Pastarpinātās pārvaldes iestāde,23.10.2001,23.10.2001,370108,23.10.2001,"RAUNAS IELA 43b, VIDZEMES PRIEKŠPILSĒTA, RĪGA, LV-1084",10000,RĪGA,VIDZEMES PRIEKŠPILSĒTA,RAUNAS IELA,43b,LV-1084,918,r167pii@riga.lv,,,,,Teika
Rīgas 169. pirmsskolas izglītības iestāde,Rīgas 169. pirmsskolas izglītības iestāde,1040,"24,131448","56,999317",,Pirmsskolas izglītības iestāde,Pirmsskolas izglītības iestāde,3901901701,Pastarpinātās pārvaldes iestāde,22.10.2001,22.10.2001,390109,22.10.2001,"VIESTURA PROSPEKTS 27, ZIEMEĻU RAJONS, RĪGA, LV-1005",10000,RĪGA,ZIEMEĻU RAJONS,VIESTURA PROSPEKTS,27,LV-1005,,r169pii@riga.lv,,,,,Sarkandaugava
Rīgas 170. pirmsskolas izglītības iestāde,Rīgas 170. pirmsskolas izglītības iestāde,1098,"24,134774","56,940901",,Pirmsskolas izglītības iestāde,Pirmsskolas izglītības iestāde,3601901947,Pastarpinātās pārvaldes iestāde,06.02.2002,10.07.2007,360109,06.02.2002,"FIRSA SADOVŅIKOVA IELA 20, LATGALES PRIEKŠPILSĒTA, RĪGA, LV-1003",10000,RĪGA,LATGALES PRIEKŠPILSĒTA,FIRSA SADOVŅIKOVA IELA,20,LV-1003,926,r170pii@riga.lv,,,,,Maskavas forstate
Rīgas 172. pirmsskolas izglītības iestāde,Rīgas 172. pirmsskolas izglītības iestāde,1104,"24,173291","56,912938",,Pirmsskolas izglītības iestāde,Pirmsskolas izglītības iestāde,3601901942,Pastarpinātās pārvaldes iestāde,04.02.2002,04.02.2002,360107,04.02.2002,"MASKAVAS IELA 252, LATGALES PRIEKŠPILSĒTA, RĪGA, LV-1063",10000,RĪGA,LATGALES PRIEKŠPILSĒTA,MASKAVAS IELA,252,LV-1063,875,r172pii@riga.lv,www.e-skola.lv,,,,Ķengarags
Rīgas 173. pirmsskolas izglītības iestāde,Rīgas 173. pirmsskolas izglītības iestāde,1148,"24,174385","56,911603",,Pirmsskolas izglītības iestāde,Pirmsskolas izglītības iestāde,3601901918,Pastarpinātās pārvaldes iestāde,25.01.2002,25.01.2002,360105,25.01.2002,"MASKAVAS IELA 254, LATGALES PRIEKŠPILSĒTA, RĪGA, LV-1063",10000,RĪGA,LATGALES PRIEKŠPILSĒTA,MASKAVAS IELA,254,LV-1063,1793,r173pii@riga.lv,,,,,Ķengarags
Rīgas 180. pirmsskolas izglītības iestāde,Rīgas 180. pirmsskolas izglītības iestāde,877,"24,244026","56,975603",,Pirmsskolas izglītības iestāde,Pirmsskolas izglītības iestāde,3701901901,Pastarpinātās pārvaldes iestāde,17.01.2002,17.01.2002,370127,17.01.2002,"TEBRAS IELA 6a, VIDZEMES PRIEKŠPILSĒTA, RĪGA, LV-1064",10000,RĪGA,VIDZEMES PRIEKŠPILSĒTA,TEBRAS IELA,6a,LV-1064,1909,r180pii@riga.lv,,,,,Jugla
Rīgas 182. pirmsskolas izglītības iestāde,Rīgas 182. pirmsskolas izglītības iestāde,1092,"24,173323","56,96314",,Pirmsskolas izglītības iestāde,Pirmsskolas izglītības iestāde,3701901695,Pastarpinātās pārvaldes iestāde,22.10.2001,22.10.2001,370106,22.10.2001,"DZELZAVAS IELA 17a, VIDZEMES PRIEKŠPILSĒTA, RĪGA, LV-1084",10000,RĪGA,VIDZEMES PRIEKŠPILSĒTA,DZELZAVAS IELA,17a,LV-1084,3072,r182pii@riga.lv,,,,,Purvciems
Rīgas 192. pirmsskolas izglītības iestāde,Rīgas 192. pirmsskolas izglītības iestāde,1458,"24,158276","56,996302",,Pirmsskolas izglītības iestāde,Pirmsskolas izglītības iestāde,3901901742,Pastarpinātās pārvaldes iestāde,29.10.2001,10.07.2007,390112,29.10.2001,"KĀRĻA VATSONA IELA 11a, ZIEMEĻU RAJONS, RĪGA, LV-1014",10000,RĪGA,ZIEMEĻU RAJONS,KĀRĻA VATSONA IELA,11a,LV-1014,1203,r192pii@riga.lv,,,,,Mežaparks
Rīgas 193. pirmsskolas izglītības iestāde,Rīgas 193. pirmsskolas izglītības iestāde,896,"24,183826","56,906085",,Pirmsskolas izglītības iestāde,Pirmsskolas izglītības iestāde,3601901956,Pastarpinātās pārvaldes iestāde,08.02.2002,08.02.2002,360112,08.02.2002,"MASKAVAS IELA 266, LATGALES PRIEKŠPILSĒTA, RĪGA, LV-1063",10000,RĪGA,LATGALES PRIEKŠPILSĒTA,MASKAVAS IELA,266,LV-1063,856,r193pii@riga.lv,,,,,Ķengarags
Rīgas 197. pirmsskolas izglītības iestāde,Rīgas 197. pirmsskolas izglītības iestāde,1733,"24,027185","57,037157",,Pirmsskolas izglītības iestāde,Pirmsskolas izglītības iestāde,3501901734,Pastarpinātās pārvaldes iestāde,25.10.2001,31.10.2014,350106,25.10.2001,"BIRZES IELA 44A, KURZEMES RAJONS, RĪGA, LV-1016",10000,RĪGA,KURZEMES RAJONS,BIRZES IELA,44A,LV-1016,2080,r197pii@riga.lv,,,,,Daugavgrīva
Rīgas 200. pirmsskolas izglītības iestāde,Rīgas 200. pirmsskolas izglītības iestāde,2096,"24,123294","56,956232",,Pirmsskolas izglītības iestāde,Pirmsskolas izglītības iestāde,3401901087,Pastarpinātās pārvaldes iestāde,09.10.2000,09.10.2000,340102,09.10.2000,"AKAS IELA 1, CENTRA RAJONS, RĪGA, LV-1050",10000,RĪGA,CENTRA RAJONS,AKAS IELA,1,LV-1050,887,r200pii@riga.lv,,,,,Centrs
Rīgas 208. pirmsskolas izglītības iestāde,Rīgas 208. pirmsskolas izglītības iestāde,1491,"24,181885","56,917729",,Pirmsskolas izglītības iestāde,Pirmsskolas izglītības iestāde,3601902022,Pastarpinātās pārvaldes iestāde,11.03.2002,11.03.2002,360127,11.03.2002,"SALASPILS IELA 18/5, LATGALES PRIEKŠPILSĒTA, RĪGA, LV-1057",10000,RĪGA,LATGALES PRIEKŠPILSĒTA,SALASPILS IELA,18.mai,LV-1057,1321,r208pii@riga.lv,,,,,Ķengarags
"Rīgas 209. pirmsskolas izglītības iestāde ""Bitīte""","Rīgas 209. pirmsskolas izglītības iestāde ""Bitīte""",1738,"24,077278","56,941527",,Pirmsskolas izglītības iestāde,Pirmsskolas izglītības iestāde,3801901654,Pastarpinātās pārvaldes iestāde,25.09.2001,26.11.2001,380103,25.09.2001,"BIŠU IELA 5, ZEMGALES PRIEKŠPILSĒTA, RĪGA, LV-1002",10000,RĪGA,ZEMGALES PRIEKŠPILSĒTA,BIŠU IELA,5,LV-1002,1041,rpiibiti@riga.lv,,,,,Āgenskalns
"Rīgas 21. pirmsskolas izglītības iestāde ""Laimiņa""","Rīgas 21. pirmsskolas izglītības iestāde ""Laimiņa""",1370,"24,100914","57,03836",,Pirmsskolas izglītības iestāde,Pirmsskolas izglītības iestāde,3901901669,Pastarpinātās pārvaldes iestāde,04.10.2001,04.10.2001,390106,04.10.2001,"KALNGALES IELA 2, ZIEMEĻU RAJONS, RĪGA, LV-1015",10000,RĪGA,ZIEMEĻU RAJONS,KALNGALES IELA,2,LV-1015,1337,rpiilaim@riga.lv,www.laimina.lv,,,,Vecmilgrāvis
Rīgas 210. pirmsskolas izglītības iestāde,Rīgas 210. pirmsskolas izglītības iestāde,1531,"24,048305","57,036334",,Pirmsskolas izglītības iestāde,Pirmsskolas izglītības iestāde,3501901727,Pastarpinātās pārvaldes iestāde,23.10.2001,23.10.2001,350103,23.10.2001,"BRŪŽU IELA 6, KURZEMES RAJONS, RĪGA, LV-1016",10000,RĪGA,KURZEMES RAJONS,BRŪŽU IELA,6,LV-1016,694,r210pii@riga.lv,,,,,Bolderāja
Rīgas 213. pirmsskolas izglītības iestāde,Rīgas 213. pirmsskolas izglītības iestāde,1144,"24,123294","56,965424",,Pirmsskolas izglītības iestāde,Pirmsskolas izglītības iestāde,3701901523,Pastarpinātās pārvaldes iestāde,29.05.2001,29.05.2001,370101,29.05.2001,"VESETAS IELA 11, VIDZEMES PRIEKŠPILSĒTA, RĪGA, LV-1013",10000,RĪGA,VIDZEMES PRIEKŠPILSĒTA,VESETAS IELA,11,LV-1013,893,r213pii@riga.lv,,,,,Skanste
Rīgas 215. pirmsskolas izglītības iestāde,Rīgas 215. pirmsskolas izglītības iestāde,1699,"24,049973","56,952733",,Pirmsskolas izglītības iestāde,Pirmsskolas izglītības iestāde,3501901832,Pastarpinātās pārvaldes iestāde,03.12.2001,03.12.2001,350117,03.12.2001,"DĀRZA IELA 19, KURZEMES RAJONS, RĪGA, LV-1083",10000,RĪGA,KURZEMES RAJONS,DĀRZA IELA,19,LV-1083,2883,r215pii@riga.lv,,,,,Dzirciems
Rīgas 216. pirmsskolas izglītības iestāde,Rīgas 216. pirmsskolas izglītības iestāde,1048,"24,179589","56,919884",,Pirmsskolas izglītības iestāde,Pirmsskolas izglītības iestāde,3601902006,Pastarpinātās pārvaldes iestāde,28.02.2002,28.02.2002,360125,28.02.2002,"SALASPILS IELA 10, LATGALES PRIEKŠPILSĒTA, RĪGA, LV-1057",10000,RĪGA,LATGALES PRIEKŠPILSĒTA,SALASPILS IELA,10,LV-1057,1976,r216pii@riga.lv,,,,,Ķengarags
Rīgas 220. pirmsskolas izglītības iestāde,Rīgas 220. pirmsskolas izglītības iestāde,980,"24,179878","56,913091",,Pirmsskolas izglītības iestāde,Pirmsskolas izglītības iestāde,3601901904,Pastarpinātās pārvaldes iestāde,17.01.2002,17.01.2002,360103,17.01.2002,"AGLONAS IELA 4a, LATGALES PRIEKŠPILSĒTA, RĪGA, LV-1057",10000,RĪGA,LATGALES PRIEKŠPILSĒTA,AGLONAS IELA,4a,LV-1057,2655,r220pii@riga.lv,,,,,Ķengarags
Rīgas 221. pirmsskolas izglītības iestāde,Rīgas 221. pirmsskolas izglītības iestāde,916,"24,139774","56,974304",,Pirmsskolas izglītības iestāde,Pirmsskolas izglītības iestāde,3701901776,Pastarpinātās pārvaldes iestāde,21.11.2001,21.11.2001,370111,21.11.2001,"KAZARMU IELA 1a, VIDZEMES PRIEKŠPILSĒTA, RĪGA, LV-1013",10000,RĪGA,VIDZEMES PRIEKŠPILSĒTA,KAZARMU IELA,1a,LV-1013,1605,r221pii@riga.lv,,,,,Brasa
Rīgas 223. pirmsskolas izglītības iestāde,Rīgas 223. pirmsskolas izglītības iestāde,883,"24,120923","56,997231",,Pirmsskolas izglītības iestāde,Pirmsskolas izglītības iestāde,3901901664,Pastarpinātās pārvaldes iestāde,03.10.2001,03.10.2001,390101,03.10.2001,"APTIEKAS IELA 12, ZIEMEĻU RAJONS, RĪGA, LV-1005",10000,RĪGA,ZIEMEĻU RAJONS,APTIEKAS IELA,12,LV-1005,1196,r223pii@riga.lv,,,,,Sarkandaugava
Rīgas 224. pirmsskolas izglītības iestāde,Rīgas 224. pirmsskolas izglītības iestāde,1501,"24,200553","56,906196",,Pirmsskolas izglītības iestāde,Pirmsskolas izglītības iestāde,3601901957,Pastarpinātās pārvaldes iestāde,08.02.2002,08.02.2002,360113,08.02.2002,"PRŪŠU IELA 82, LATGALES PRIEKŠPILSĒTA, RĪGA, LV-1057",10000,RĪGA,LATGALES PRIEKŠPILSĒTA,PRŪŠU IELA,82,LV-1057,2040,r224pii@riga.lv,,,,,Ķengarags
Rīgas 225. pirmsskolas izglītības iestāde,Rīgas 225. pirmsskolas izglītības iestāde,1644,"24,209855","56,902013",,Pirmsskolas izglītības iestāde,Pirmsskolas izglītības iestāde,3601902043,Pastarpinātās pārvaldes iestāde,27.03.2002,27.03.2002,360133,27.03.2002,"IKŠĶILES IELA 10, LATGALES PRIEKŠPILSĒTA, RĪGA, LV-1057",10000,RĪGA,LATGALES PRIEKŠPILSĒTA,IKŠĶILES IELA,10,LV-1057,1279,r225pii@riga.lv,,,,,Ķengarags
Rīgas 229. pirmsskolas izglītības iestāde,Rīgas 229. pirmsskolas izglītības iestāde,1583,"24,16519","56,925827",,Pirmsskolas izglītības iestāde,Pirmsskolas izglītības iestāde,3601902005,Pastarpinātās pārvaldes iestāde,28.02.2002,28.02.2002,360124,28.02.2002,"OGRES IELA 8, LATGALES PRIEKŠPILSĒTA, RĪGA, LV-1019",10000,RĪGA,LATGALES PRIEKŠPILSĒTA,OGRES IELA,8,LV-1019,1976,r229pii@riga.lv,,,,,Maskavas forstate
Rīgas 231. pirmsskolas izglītības iestāde,Rīgas 231. pirmsskolas izglītības iestāde,1366,"24,201883","56,956542",,Pirmsskolas izglītības iestāde,Pirmsskolas izglītības iestāde,3701901724,Pastarpinātās pārvaldes iestāde,23.10.2001,23.10.2001,370107,23.10.2001,"DZELZAVAS IELA 87, VIDZEMES PRIEKŠPILSĒTA, RĪGA, LV-1084",10000,RĪGA,VIDZEMES PRIEKŠPILSĒTA,DZELZAVAS IELA,87,LV-1084,2553,r231pii@riga.lv,,,,,Purvciems
Rīgas 232. pirmsskolas izglītības iestāde,Rīgas 232. pirmsskolas izglītības iestāde,1438,"24,092288","57,038313",,Pirmsskolas izglītības iestāde,Pirmsskolas izglītības iestāde,3901901703,Pastarpinātās pārvaldes iestāde,22.10.2001,22.10.2001,390111,22.10.2001,"AUGUSTA DOMBROVSKA IELA 87, ZIEMEĻU RAJONS, RĪGA, LV-1015",10000,RĪGA,ZIEMEĻU RAJONS,AUGUSTA DOMBROVSKA IELA,87,LV-1015,2607,r232pii@riga.lv,,,,,Vecmilgrāvis
Rīgas 233. pirmsskolas izglītības iestāde,Rīgas 233. pirmsskolas izglītības iestāde,1066,"24,171284","56,95935",,Pirmsskolas izglītības iestāde,Pirmsskolas izglītības iestāde,3701901604,Pastarpinātās pārvaldes iestāde,30.08.2001,30.08.2001,370102,30.08.2001,"MADONAS IELA 32, VIDZEMES PRIEKŠPILSĒTA, RĪGA, LV-1084",10000,RĪGA,VIDZEMES PRIEKŠPILSĒTA,MADONAS IELA,32,LV-1084,2569,r233pii@riga.lv,,,,,Purvciems
Rīgas 234. pirmsskolas izglītības iestāde,Rīgas 234. pirmsskolas izglītības iestāde,1634,"24,014204","56,9671",,Pirmsskolas izglītības iestāde,Pirmsskolas izglītības iestāde,3501901771,Pastarpinātās pārvaldes iestāde,26.11.2001,31.10.2014,350114,26.11.2001,"KURZEMES PROSPEKTS 86C, KURZEMES RAJONS, RĪGA, LV-1069",10000,RĪGA,KURZEMES RAJONS,KURZEMES PROSPEKTS,86C,LV-1069,3857,r234pii@riga.lv,,,,,Imanta
"Rīgas 236. pirmsskolas izglītības iestāde ""Eglīte""","Rīgas 236. pirmsskolas izglītības iestāde ""Eglīte""",1166,"24,179615","56,969793",,Pirmsskolas izglītības iestāde,Pirmsskolas izglītības iestāde,3701901825,Pastarpinātās pārvaldes iestāde,27.11.2001,30.11.2009,370114,27.11.2001,"BIĶERNIEKU IELA 45a, VIDZEMES PRIEKŠPILSĒTA, RĪGA, LV-1039",10000,RĪGA,VIDZEMES PRIEKŠPILSĒTA,BIĶERNIEKU IELA,45a,LV-1039,1354,rpiiegli@riga.lv,,,,,Teika
Rīgas 239. pirmsskolas izglītības iestāde,Rīgas 239. pirmsskolas izglītības iestāde,1382,"24,211721","56,937594",,Pirmsskolas izglītības iestāde,Pirmsskolas izglītības iestāde,3601901885,Pastarpinātās pārvaldes iestāde,10.01.2002,10.01.2002,360102,10.01.2002,"AKADĒMIĶA MSTISLAVA KELDIŠA IELA 32, LATGALES PRIEKŠPILSĒTA, RĪGA, LV-1021",10000,RĪGA,LATGALES PRIEKŠPILSĒTA,AKADĒMIĶA MSTISLAVA KELDIŠA IELA,32,LV-1021,3062,r239pii@riga.lv,,,,,Pļavnieki
Rīgas 241. pirmsskolas izglītības iestāde,Rīgas 241. pirmsskolas izglītības iestāde,1090,"24,237803","56,965193",,Pirmsskolas izglītības iestāde,Pirmsskolas izglītības iestāde,3701901888,Pastarpinātās pārvaldes iestāde,15.01.2002,15.01.2002,370126,15.01.2002,"HIPOKRĀTA IELA 25, VIDZEMES PRIEKŠPILSĒTA, RĪGA, LV-1079",10000,RĪGA,VIDZEMES PRIEKŠPILSĒTA,HIPOKRĀTA IELA,25,LV-1079,2406,r241pii@riga.lv,www.241bernudarzs.wix.com/latvija,,,,Mežciems
Rīgas 242. pirmsskolas izglītības iestāde,Rīgas 242. pirmsskolas izglītības iestāde,965,"24,237632","56,963988",,Pirmsskolas izglītības iestāde,Pirmsskolas izglītības iestāde,3701901741,Pastarpinātās pārvaldes iestāde,29.10.2001,29.10.2001,370109,29.10.2001,"HIPOKRĀTA IELA 25a, VIDZEMES PRIEKŠPILSĒTA, RĪGA, LV-1079",10000,RĪGA,VIDZEMES PRIEKŠPILSĒTA,HIPOKRĀTA IELA,25a,LV-1079,2407,r242pii@riga.lv,,,,,Mežciems
Rīgas 243. pirmsskolas izglītības iestāde,Rīgas 243. pirmsskolas izglītības iestāde,874,"24,172599","56,956521",,Pirmsskolas izglītības iestāde,Pirmsskolas izglītības iestāde,3701901671,Pastarpinātās pārvaldes iestāde,05.10.2001,05.10.2001,370103,05.10.2001,"SAKTAS IELA 7, VIDZEMES PRIEKŠPILSĒTA, RĪGA, LV-1035",10000,RĪGA,VIDZEMES PRIEKŠPILSĒTA,SAKTAS IELA,7,LV-1035,1980,r243pii@riga.lv,,,,,Purvciems
Rīgas 244. pirmsskolas izglītības iestāde,Rīgas 244. pirmsskolas izglītības iestāde,1526,"24,200993","56,951288",,Pirmsskolas izglītības iestāde,Pirmsskolas izglītības iestāde,3701901873,Pastarpinātās pārvaldes iestāde,19.12.2001,19.12.2001,370124,19.12.2001,"MARSA GATVE 8, VIDZEMES PRIEKŠPILSĒTA, RĪGA, LV-1082",10000,RĪGA,VIDZEMES PRIEKŠPILSĒTA,MARSA GATVE,8,LV-1082,2694,r244pii@riga.lv,,,,,Purvciems
"Rīgas 247. pirmsskolas izglītības iestāde ""Rūķītis""","Rīgas 247. pirmsskolas izglītības iestāde ""Rūķītis""",1505,"24,099036","57,031641",,Pirmsskolas izglītības iestāde,Pirmsskolas izglītības iestāde,3901902007,Pastarpinātās pārvaldes iestāde,06.03.2002,06.03.2002,390117,06.03.2002,"VECMĪLGRĀVJA 1. LĪNIJA 41, ZIEMEĻU RAJONS, RĪGA, LV-1015",10000,RĪGA,ZIEMEĻU RAJONS,VECMĪLGRĀVJA 1. LĪNIJA,41,LV-1015,2517,r247pii@riga.lv,,,,,Vecmilgrāvis
"Rīgas 251. pirmsskolas izglītības iestāde ""Mežciems""","Rīgas 251. pirmsskolas izglītības iestāde ""Mežciems""",1164,"24,238919","56,972322",,Pirmsskolas izglītības iestāde,Pirmsskolas izglītības iestāde,3701901874,Pastarpinātās pārvaldes iestāde,19.12.2001,23.01.2002,370125,19.12.2001,"MEŽCIEMA IELA 49, VIDZEMES PRIEKŠPILSĒTA, RĪGA, LV-1079",10000,RĪGA,VIDZEMES PRIEKŠPILSĒTA,MEŽCIEMA IELA,49,LV-1079,2487,rpiimezc@riga.lv,,,,,Mežciems
Rīgas 252. pirmsskolas izglītības iestāde,Rīgas 252. pirmsskolas izglītības iestāde,1600,"24,178655","56,953184",,Pirmsskolas izglītības iestāde,Pirmsskolas izglītības iestāde,3701901777,Pastarpinātās pārvaldes iestāde,21.11.2001,21.11.2001,370112,21.11.2001,"PURVCIEMA IELA 32, VIDZEMES PRIEKŠPILSĒTA, RĪGA, LV-1035",10000,RĪGA,VIDZEMES PRIEKŠPILSĒTA,PURVCIEMA IELA,32,LV-1035,2665,r252pii@riga.lv,,,,,Purvciems
Rīgas 254. pirmsskolas izglītības iestāde,Rīgas 254. pirmsskolas izglītības iestāde,972,"24,197495","56,939373",,Pirmsskolas izglītības iestāde,Pirmsskolas izglītības iestāde,3601902071,Pastarpinātās pārvaldes iestāde,02.05.2002,02.05.2002,360135,02.05.2002,"AKADĒMIĶA MSTISLAVA KELDIŠA IELA 4, LATGALES PRIEKŠPILSĒTA, RĪGA, LV-1082",10000,RĪGA,LATGALES PRIEKŠPILSĒTA,AKADĒMIĶA MSTISLAVA KELDIŠA IELA,4,LV-1082,1793,r254pii@riga.lv,,,,,Pļavnieki
Rīgas 255. pirmsskolas izglītības iestāde,Rīgas 255. pirmsskolas izglītības iestāde,1605,"24,198922","56,941229",,Pirmsskolas izglītības iestāde,Pirmsskolas izglītības iestāde,3601901999,Pastarpinātās pārvaldes iestāde,27.02.2002,27.02.2002,360123,27.02.2002,"AKADĒMIĶA MSTISLAVA KELDIŠA IELA 5, LATGALES PRIEKŠPILSĒTA, RĪGA, LV-1082",10000,RĪGA,LATGALES PRIEKŠPILSĒTA,AKADĒMIĶA MSTISLAVA KELDIŠA IELA,5,LV-1082,2708,r255pii@riga.lv,,,,,Pļavnieki
Rīgas 256. pirmsskolas izglītības iestāde,Rīgas 256. pirmsskolas izglītības iestāde,975,"24,197506","56,943195",,Pirmsskolas izglītības iestāde,Pirmsskolas izglītības iestāde,3601902030,Pastarpinātās pārvaldes iestāde,18.03.2002,18.03.2002,360129,18.03.2002,"ILŪKSTES IELA 28, LATGALES PRIEKŠPILSĒTA, RĪGA, LV-1082",10000,RĪGA,LATGALES PRIEKŠPILSĒTA,ILŪKSTES IELA,28,LV-1082,2731,r256pii@riga.lv,,,,,Pļavnieki
Rīgas 258. pirmsskolas izglītības iestāde,Rīgas 258. pirmsskolas izglītības iestāde,1611,"24,205906","56,935264",,Pirmsskolas izglītības iestāde,Pirmsskolas izglītības iestāde,3601901977,Pastarpinātās pārvaldes iestāde,20.02.2002,20.02.2002,360118,20.02.2002,"TĪNŪŽU IELA 1, LATGALES PRIEKŠPILSĒTA, RĪGA, LV-1082",10000,RĪGA,LATGALES PRIEKŠPILSĒTA,TĪNŪŽU IELA,1,LV-1082,2472,r258pii@riga.lv,,,,,Pļavnieki
Rīgas 259. pirmsskolas izglītības iestāde,Rīgas 259. pirmsskolas izglītības iestāde,1032,"24,208245","56,936816",,Pirmsskolas izglītības iestāde,Pirmsskolas izglītības iestāde,3601902036,Pastarpinātās pārvaldes iestāde,18.03.2002,18.03.2002,360130,18.03.2002,"JĀŅA GRESTES IELA 3, LATGALES PRIEKŠPILSĒTA, RĪGA, LV-1021",10000,RĪGA,LATGALES PRIEKŠPILSĒTA,JĀŅA GRESTES IELA,3,LV-1021,3382,r259pii@riga.lv,,,,,Pļavnieki
Rīgas 262. pirmsskolas izglītības iestāde,Rīgas 262. pirmsskolas izglītības iestāde,1489,"24,206657","56,933075",,Pirmsskolas izglītības iestāde,Pirmsskolas izglītības iestāde,3601901998,Pastarpinātās pārvaldes iestāde,27.02.2002,27.02.2002,360122,27.02.2002,"LUBĀNAS IELA 127, LATGALES PRIEKŠPILSĒTA, RĪGA, LV-1021",10000,RĪGA,LATGALES PRIEKŠPILSĒTA,LUBĀNAS IELA,127,LV-1021,2525,r262pii@riga.lv,,,,,Pļavnieki
"Rīgas 264. pirmsskolas izglītības iestāde ""Zelta atslēdziņa""","Rīgas 264. pirmsskolas izglītības iestāde ""Zelta atslēdziņa""",1440,"24,004472","56,9456",,Pirmsskolas izglītības iestāde,Pirmsskolas izglītības iestāde,3801901843,Pastarpinātās pārvaldes iestāde,07.12.2001,07.12.2001,380111,07.12.2001,"ZOLITŪDES IELA 40, ZEMGALES PRIEKŠPILSĒTA, RĪGA, LV-1029",10000,RĪGA,ZEMGALES PRIEKŠPILSĒTA,ZOLITŪDES IELA,40,LV-1029,1394,r264pii@riga.lv,,,,,Zolitūde
Rīgas 266. pirmsskolas izglītības iestāde,Rīgas 266. pirmsskolas izglītības iestāde,1695,"24,210069","56,94141",,Pirmsskolas izglītības iestāde,Pirmsskolas izglītības iestāde,3601902041,Pastarpinātās pārvaldes iestāde,27.03.2002,27.03.2002,360132,27.03.2002,"PĻAVNIEKU IELA 4, LATGALES PRIEKŠPILSĒTA, RĪGA, LV-1021",10000,RĪGA,LATGALES PRIEKŠPILSĒTA,PĻAVNIEKU IELA,4,LV-1021,3062,r266pii@riga.lv,,,,,Pļavnieki
Rīgas 267. pirmsskolas izglītības iestāde,Rīgas 267. pirmsskolas izglītības iestāde,1408,"24,211507","56,943166",,Pirmsskolas izglītības iestāde,Pirmsskolas izglītības iestāde,3601901940,Pastarpinātās pārvaldes iestāde,04.02.2002,04.02.2002,360106,04.02.2002,"DRAVNIEKU IELA 8, LATGALES PRIEKŠPILSĒTA, RĪGA, LV-1021",10000,RĪGA,LATGALES PRIEKŠPILSĒTA,DRAVNIEKU IELA,8,LV-1021,3696,r267pii@riga.lv,,,,,Pļavnieki
Rīgas 27. pirmsskolas izglītības iestāde,Rīgas 27. pirmsskolas izglītības iestāde,862,"24,038794","56,94134",,Pirmsskolas izglītības iestāde,Pirmsskolas izglītības iestāde,3801901663,Pastarpinātās pārvaldes iestāde,03.10.2001,03.10.2001,380104,03.10.2001,"STENDES IELA 2, ZEMGALES PRIEKŠPILSĒTA, RĪGA, LV-1046",10000,RĪGA,ZEMGALES PRIEKŠPILSĒTA,STENDES IELA,2,LV-1046,1130,r27pii@riga.lv,,,,,Šampēteris
Rīgas 270. pirmsskolas izglītības iestāde,Rīgas 270. pirmsskolas izglītības iestāde,1141,"24,223909","56,941674",,Pirmsskolas izglītības iestāde,Pirmsskolas izglītības iestāde,3601901958,Pastarpinātās pārvaldes iestāde,08.02.2002,08.02.2002,360114,08.02.2002,"SALNAS IELA 18, LATGALES PRIEKŠPILSĒTA, RĪGA, LV-1021",10000,RĪGA,LATGALES PRIEKŠPILSĒTA,SALNAS IELA,18,LV-1021,3062,r270pii@riga.lv,,,,,Pļavnieki
"Rīgas 272. pirmsskolas izglītības iestāde ""Pērlīte""","Rīgas 272. pirmsskolas izglītības iestāde ""Pērlīte""",907,"24,091612","56,924879",,Pirmsskolas izglītības iestāde,Pirmsskolas izglītības iestāde,3801901689,Pastarpinātās pārvaldes iestāde,16.10.2001,16.10.2001,380106,16.10.2001,"JELGAVAS IELA 86, ZEMGALES PRIEKŠPILSĒTA, RĪGA, LV-1004",10000,RĪGA,ZEMGALES PRIEKŠPILSĒTA,JELGAVAS IELA,86,LV-1004,3062,rpiiperl@riga.lv,,,,,Torņakalns
Rīgas 273. pirmsskolas izglītības iestāde,Rīgas 273. pirmsskolas izglītības iestāde,1697,"24,196583","56,950995",,Pirmsskolas izglītības iestāde,Pirmsskolas izglītības iestāde,3701901778,Pastarpinātās pārvaldes iestāde,21.11.2001,21.11.2001,370113,21.11.2001,"ILŪKSTES IELA 101/4, VIDZEMES PRIEKŠPILSĒTA, RĪGA, LV-1082",10000,RĪGA,VIDZEMES PRIEKŠPILSĒTA,ILŪKSTES IELA,101/4,LV-1082,3523,r273pii@riga.lv,,,,,Purvciems
"Rīgas 275. pirmsskolas izglītības iestāde ""Austriņa""","Rīgas 275. pirmsskolas izglītības iestāde ""Austriņa""",1717,"24,097084","56,902599",,Pirmsskolas izglītības iestāde,Pirmsskolas izglītības iestāde,3801901834,Pastarpinātās pārvaldes iestāde,03.12.2001,03.12.2001,380109,03.12.2001,"VALDEĶU IELA 58, ZEMGALES PRIEKŠPILSĒTA, RĪGA, LV-1058",10000,RĪGA,ZEMGALES PRIEKŠPILSĒTA,VALDEĶU IELA,58,LV-1058,5345,rpiiaust@riga.lv,,,,,Ziepniekkalns
Rīgas 36. pirmsskolas izglītības iestāde,Rīgas 36. pirmsskolas izglītības iestāde,1114,"24,107126","56,974573",,Pirmsskolas izglītības iestāde,Pirmsskolas izglītības iestāde,3901901755,Pastarpinātās pārvaldes iestāde,20.11.2001,21.11.2012,390113,20.11.2001,"LUGAŽU IELA 8, ZIEMEĻU RAJONS, RĪGA, LV-1045",10000,RĪGA,ZIEMEĻU RAJONS,LUGAŽU IELA,8,LV-1045,687,r36pii@riga.lv,,,,,Pētersala-Andrejsala
"Rīgas 4. pirmsskolas izglītības iestāde ""Avotiņš""","Rīgas 4. pirmsskolas izglītības iestāde ""Avotiņš""",1122,"24,082857","56,901094",,Pirmsskolas izglītības iestāde,Pirmsskolas izglītības iestāde,3801901972,Pastarpinātās pārvaldes iestāde,19.02.2002,19.02.2002,380118,19.02.2002,"VIENĪBAS GATVE 186, ZEMGALES PRIEKŠPILSĒTA, RĪGA, LV-1058",10000,RĪGA,ZEMGALES PRIEKŠPILSĒTA,VIENĪBAS GATVE,186,LV-1058,3062,rpiiavot@riga.lv,,,,,Ziepniekkalns
Rīgas 40. pirmsskolas izglītības iestāde,Rīgas 40. pirmsskolas izglītības iestāde,1109,"24,16514","56,932367",,Pirmsskolas izglītības iestāde,Pirmsskolas izglītības iestāde,3601901955,Pastarpinātās pārvaldes iestāde,08.02.2002,08.02.2002,360111,08.02.2002,"ZILUPES IELA 2, LATGALES PRIEKŠPILSĒTA, RĪGA, LV-1019",10000,RĪGA,LATGALES PRIEKŠPILSĒTA,ZILUPES IELA,2,LV-1019,1033,r40pii@riga.lv,,,,,Maskavas forstate
Rīgas 41. pirmsskolas izglītības iestāde,Rīgas 41. pirmsskolas izglītības iestāde,1154,"24,151629","56,940257",,Pirmsskolas izglītības iestāde,Pirmsskolas izglītības iestāde,3601902017,Pastarpinātās pārvaldes iestāde,08.03.2002,08.03.2002,360126,08.03.2002,"LUDZAS IELA 74, LATGALES PRIEKŠPILSĒTA, RĪGA, LV-1003",10000,RĪGA,LATGALES PRIEKŠPILSĒTA,LUDZAS IELA,74,LV-1003,1239,r41pii@riga.lv,,,,,Maskavas forstate
Rīgas 42. pirmsskolas izglītības iestāde,Rīgas 42. pirmsskolas izglītības iestāde,955,"24,119872","56,99892",,Pirmsskolas izglītības iestāde,Pirmsskolas izglītības iestāde,3901901666,Pastarpinātās pārvaldes iestāde,03.10.2001,03.10.2001,390103,03.10.2001,"SOFIJAS IELA 3, ZIEMEĻU RAJONS, RĪGA, LV-1005",10000,RĪGA,ZIEMEĻU RAJONS,SOFIJAS IELA,3,LV-1005,875,r42pii@riga.lv,,,,,Sarkandaugava
Rīgas 44. pirmsskolas izglītības iestāde,Rīgas 44. pirmsskolas izglītības iestāde,773,"24,152681","56,962544",,Pirmsskolas izglītības iestāde,Pirmsskolas izglītības iestāde,3601901039,Pastarpinātās pārvaldes iestāde,26.09.2000,26.09.2000,360101,26.09.2000,"SAPIERU IELA 5, LATGALES PRIEKŠPILSĒTA, RĪGA, LV-1012",10000,RĪGA,LATGALES PRIEKŠPILSĒTA,SAPIERU IELA,5,LV-1012,469,r44pii@riga.lv,,,,,Grīziņkalns
Rīgas 46. pirmsskolas izglītības iestāde,Rīgas 46. pirmsskolas izglītības iestāde,1156,"24,032078","56,954851",,Pirmsskolas izglītības iestāde,Pirmsskolas izglītības iestāde,3501901855,Pastarpinātās pārvaldes iestāde,12.12.2001,12.12.2001,350118,12.12.2001,"VECUMNIEKU IELA 5a, KURZEMES RAJONS, RĪGA, LV-1067",10000,RĪGA,KURZEMES RAJONS,VECUMNIEKU IELA,5a,LV-1067,2557,r46pii@riga.lv,,,,,Imanta
Rīgas 49. pirmsskolas izglītības iestāde,Rīgas 49. pirmsskolas izglītības iestāde,897,"24,122221","56,96569",,Pirmsskolas izglītības iestāde,Pirmsskolas izglītības iestāde,3701901854,Pastarpinātās pārvaldes iestāde,12.12.2001,12.12.2001,370120,12.12.2001,"GROSTONAS IELA 8, VIDZEMES PRIEKŠPILSĒTA, RĪGA, LV-1013",10000,RĪGA,VIDZEMES PRIEKŠPILSĒTA,GROSTONAS IELA,8,LV-1013,1637,r49pii@riga.lv,,,,,Skanste
"Rīgas 5. pirmsskolas izglītības iestāde ""Čiekuriņš""","Rīgas 5. pirmsskolas izglītības iestāde ""Čiekuriņš""",1094,"24,16636","56,987672",,Pirmsskolas izglītības iestāde,Pirmsskolas izglītības iestāde,3901901667,Pastarpinātās pārvaldes iestāde,03.10.2001,10.07.2007,390104,03.10.2001,"GAUJAS IELA 32b, ZIEMEĻU RAJONS, RĪGA, LV-1026",10000,RĪGA,ZIEMEĻU RAJONS,GAUJAS IELA,32b,LV-1026,1096,rpiiciek@riga.lv,www.ciekurins5.lv,,,,Čiekurkalns
Rīgas 57. pirmsskolas izglītības iestāde,Rīgas 57. pirmsskolas izglītības iestāde,922,"24,186476","56,981017",,Pirmsskolas izglītības iestāde,Pirmsskolas izglītības iestāde,3701901968,Pastarpinātās pārvaldes iestāde,19.02.2002,24.10.2007,370128,19.02.2002,"MAZĀ CAUNES IELA 3, VIDZEMES PRIEKŠPILSĒTA, RĪGA, LV-1006",10000,RĪGA,VIDZEMES PRIEKŠPILSĒTA,MAZĀ CAUNES IELA,3,LV-1006,922,r57pii@riga.lv,,,,,Teika
Rīgas 59. pirmsskolas izglītības iestāde,Rīgas 59. pirmsskolas izglītības iestāde,2174,"24,120902","56,964012",,Pirmsskolas izglītības iestāde,Pirmsskolas izglītības iestāde,3701901853,Pastarpinātās pārvaldes iestāde,12.12.2001,12.12.2001,370119,12.12.2001,"GROSTONAS IELA 3, VIDZEMES PRIEKŠPILSĒTA, RĪGA, LV-1013",10000,RĪGA,VIDZEMES PRIEKŠPILSĒTA,GROSTONAS IELA,3,LV-1013,822,r59pii@riga.lv,,,,,Skanste
Rīgas 61. pirmsskolas izglītības iestāde,Rīgas 61. pirmsskolas izglītības iestāde,1452,"24,178677","56,961654",,Pirmsskolas izglītības iestāde,Pirmsskolas izglītības iestāde,3701902021,Pastarpinātās pārvaldes iestāde,11.03.2002,11.03.2002,370130,11.03.2002,"VAIDAVAS IELA 11, VIDZEMES PRIEKŠPILSĒTA, RĪGA, LV-1084",10000,RĪGA,VIDZEMES PRIEKŠPILSĒTA,VAIDAVAS IELA,11,LV-1084,1000,r61pii@riga.lv,,,,,Purvciems
Rīgas 62. pirmsskolas izglītības iestāde,Rīgas 62. pirmsskolas izglītības iestāde,1567,"24,067569","56,947215",,Pirmsskolas izglītības iestāde,Pirmsskolas izglītības iestāde,3501901829,Pastarpinātās pārvaldes iestāde,03.12.2001,10.07.2007,350115,03.12.2001,"ALĪSES IELA 19, KURZEMES RAJONS, RĪGA, LV-1046",10000,RĪGA,KURZEMES RAJONS,ALĪSES IELA,19,LV-1046,2609,r62pii@riga.lv,,,,,Āgenskalns
Rīgas 66. pirmsskolas izglītības iestāde,Rīgas 66. pirmsskolas izglītības iestāde,954,"24,124013","56,965986",,Pirmsskolas izglītības iestāde,Pirmsskolas izglītības iestāde,3701901851,Pastarpinātās pārvaldes iestāde,12.12.2001,12.12.2001,370117,12.12.2001,"VESETAS IELA 13, VIDZEMES PRIEKŠPILSĒTA, RĪGA, LV-1013",10000,RĪGA,VIDZEMES PRIEKŠPILSĒTA,VESETAS IELA,13,LV-1013,1203,r66pii@riga.lv,,,,,Skanste
Rīgas 68. pirmsskolas izglītības iestāde,Rīgas 68. pirmsskolas izglītības iestāde,1128,"24,139575","56,949626",,Pirmsskolas izglītības iestāde,Pirmsskolas izglītības iestāde,3601901983,Pastarpinātās pārvaldes iestāde,20.02.2002,20.02.2002,360119,20.02.2002,"ĀDMIŅU IELA 9a, LATGALES PRIEKŠPILSĒTA, RĪGA, LV-1009",10000,RĪGA,LATGALES PRIEKŠPILSĒTA,ĀDMIŅU IELA,9a,LV-1009,518,r68pii@riga.lv,,,,,Avoti
Rīgas 7. pirmsskolas izglītības iestāde,Rīgas 7. pirmsskolas izglītības iestāde,1078,"24,143647","56,939953",,Pirmsskolas izglītības iestāde,Pirmsskolas izglītības iestāde,3601902086,Pastarpinātās pārvaldes iestāde,06.05.2002,06.05.2002,360136,06.05.2002,"LUDZAS IELA 30/32, LATGALES PRIEKŠPILSĒTA, RĪGA, LV-1003",10000,RĪGA,LATGALES PRIEKŠPILSĒTA,LUDZAS IELA,30/32,LV-1003,663,r7pii@riga.lv,,,,,Maskavas forstate
Rīgas 74. pirmsskolas izglītības iestāde,Rīgas 74. pirmsskolas izglītības iestāde,1577,"24,130729","56,970796",,Pirmsskolas izglītības iestāde,Pirmsskolas izglītības iestāde,3701901683,Pastarpinātās pārvaldes iestāde,16.10.2001,28.01.2013,370104,16.10.2001,"KRIŠJĀŅA VALDEMĀRA IELA 143 k-7, VIDZEMES PRIEKŠPILSĒTA, RĪGA, LV-1013",10000,RĪGA,VIDZEMES PRIEKŠPILSĒTA,KRIŠJĀŅA VALDEMĀRA IELA,143 k-7,LV-1013,875,r74pii@riga.lv,,,,,Brasa
Rīgas 79. pirmsskolas izglītības iestāde,Rīgas 79. pirmsskolas izglītības iestāde,1049,"24,1501","56,970904",,Pirmsskolas izglītības iestāde,Pirmsskolas izglītības iestāde,3701901861,Pastarpinātās pārvaldes iestāde,17.12.2001,17.12.2001,370122,17.12.2001,"KLIJĀNU IELA 17, VIDZEMES PRIEKŠPILSĒTA, RĪGA, LV-1012",10000,RĪGA,VIDZEMES PRIEKŠPILSĒTA,KLIJĀNU IELA,17,LV-1012,664,r79pii@riga.lv,,,,,Brasa
Rīgas 80. pirmsskolas izglītības iestāde,Rīgas 80. pirmsskolas izglītības iestāde,1136,"24,053965","56,968562",,Pirmsskolas izglītības iestāde,Pirmsskolas izglītības iestāde,3501901756,Pastarpinātās pārvaldes iestāde,20.11.2001,31.10.2014,350110,20.11.2001,"GARĀ IELA 24, KURZEMES RAJONS, RĪGA, LV-1055",10000,RĪGA,KURZEMES RAJONS,GARĀ IELA,24,LV-1055,2539,r80pii@riga.lv,,,,,Iļģuciems
Rīgas 81. pirmsskolas izglītības iestāde,Rīgas 81. pirmsskolas izglītības iestāde,1371,"24,049544","56,964924",,Pirmsskolas izglītības iestāde,Pirmsskolas izglītības iestāde,3501901739,Pastarpinātās pārvaldes iestāde,29.10.2001,31.10.2014,350108,29.10.2001,"GRĪVAS IELA 15, KURZEMES RAJONS, RĪGA, LV-1055",10000,RĪGA,KURZEMES RAJONS,GRĪVAS IELA,15,LV-1055,855,r81pii@riga.lv,,,,,Iļģuciems
Rīgas 88. pirmsskolas izglītības iestāde,Rīgas 88. pirmsskolas izglītības iestāde,1490,"24,125934","56,955296",,Pirmsskolas izglītības iestāde,Pirmsskolas izglītības iestāde,3401901970,Pastarpinātās pārvaldes iestāde,19.02.2002,19.02.2002,340105,19.02.2002,"ĢERTRŪDES IELA 28, CENTRA RAJONS, RĪGA, LV-1011",10000,RĪGA,CENTRA RAJONS,ĢERTRŪDES IELA,28,LV-1011,822,r88pii@riga.lv,,,,,Centrs
Rīgas 94. pirmsskolas izglītības iestāde,Rīgas 94. pirmsskolas izglītības iestāde,940,"24,14045","56,962912",,Pirmsskolas izglītības iestāde,Pirmsskolas izglītības iestāde,3401901967,Pastarpinātās pārvaldes iestāde,19.02.2002,19.02.2002,340104,19.02.2002,"KRIŠJĀŅA BARONA IELA 97b, CENTRA RAJONS, RĪGA, LV-1012",10000,RĪGA,CENTRA RAJONS,KRIŠJĀŅA BARONA IELA,97b,LV-1012,2615,r94pii@riga.lv,,,,,Grīziņkalns
Rīgas 97. pirmsskolas izglītības iestāde,Rīgas 97. pirmsskolas izglītības iestāde,928,"24,209383","56,900754",,Pirmsskolas izglītības iestāde,Pirmsskolas izglītības iestāde,3601901994,Pastarpinātās pārvaldes iestāde,20.02.2002,20.02.2002,360120,20.02.2002,"IKŠĶILES IELA 8, LATGALES PRIEKŠPILSĒTA, RĪGA, LV-1057",10000,RĪGA,LATGALES PRIEKŠPILSĒTA,IKŠĶILES IELA,8,LV-1057,2447,r97pii@riga.lv,,,,,Ķengarags
Rīgas Āgenskalna pirmsskola,Rīgas Āgenskalna pirmsskola,1024,"24,075776","56,930933",,Pirmsskolas izglītības iestāde,Pirmsskolas izglītības iestāde,3801902009,Pastarpinātās pārvaldes iestāde,06.03.2002,10.07.2007,380119,06.03.2002,"CIECERES IELA 3, ZEMGALES PRIEKŠPILSĒTA, RĪGA, LV-1002",10000,RĪGA,ZEMGALES PRIEKŠPILSĒTA,CIECERES IELA,3,LV-1002,981,rap@riga.lv,,,,,Āgenskalns
Rīgas Bolderājas pirmsskolas izglītības iestāde,Rīgas Bolderājas pirmsskolas izglītības iestāde,2587,"24,051111","57,028137",,Pirmsskolas izglītības iestāde,Pirmsskolas izglītības iestāde,3501902632,Pastarpinātās pārvaldes iestāde,15.05.2000,08.10.2014,350127,15.05.2000,"FINIERA IELA 21, KURZEMES RAJONS, RĪGA, LV-1016",10000,RĪGA,KURZEMES RAJONS,FINIERA IELA,21,LV-1016,2249,blsk@riga.lv,,,,,Bolderāja
Rīgas Grīziņkalna pirmsskola,Rīgas Grīziņkalna pirmsskola,1132,"24,149183","56,959654", Rīgas 165. pirmsskolas izglītības iestāde,Pirmsskolas izglītības iestāde,Pirmsskolas izglītības iestāde,3601901954,Pastarpinātās pārvaldes iestāde,08.02.2002,12.08.2013,360110,08.02.2002,"VĀRNU IELA 13a, LATGALES PRIEKŠPILSĒTA, RĪGA, LV-1009",10000,RĪGA,LATGALES PRIEKŠPILSĒTA,VĀRNU IELA,13a,LV-1009,591,r165pii@riga.lv,,,,,Grīziņkalns
Rīgas Pārdaugavas pirmsskola,Rīgas Pārdaugavas pirmsskola,1190,"24,070669","56,921237",,Pirmsskolas izglītības iestāde,Pirmsskolas izglītības iestāde,3801901890,Pastarpinātās pārvaldes iestāde,15.01.2002,10.07.2007,380117,15.01.2002,"ZVĀRDES IELA 17, ZEMGALES PRIEKŠPILSĒTA, RĪGA, LV-1004",10000,RĪGA,ZEMGALES PRIEKŠPILSĒTA,ZVĀRDES IELA,17,LV-1004,253,rpardaug@riga.lv,,,,,Bieriņi
"Rīgas pirmsskolas izglītības iestāde ""Blāzmiņa""","Rīgas pirmsskolas izglītības iestāde ""Blāzmiņa""",2675,"24,105152","57,031413",,Pirmsskolas izglītības iestāde,Pirmsskolas izglītības iestāde,3901902657,Pastarpinātās pārvaldes iestāde,06.08.2007,06.08.2007,390119,06.08.2007,"SKUJU IELA 14, ZIEMEĻU RAJONS, RĪGA, LV-1015",10000,RĪGA,ZIEMEĻU RAJONS,SKUJU IELA,14,LV-1015,3706,rpiiblazmina@riga.lv,,,,,Vecmilgrāvis
"Rīgas pirmsskolas izglītības iestāde ""Domino""","Rīgas pirmsskolas izglītības iestāde ""Domino""",1071,"24,197248","56,933128", Rīgas 253. pirmsskolas izglītības iestāde,Pirmsskolas izglītības iestāde,Pirmsskolas izglītības iestāde,3601901975,Pastarpinātās pārvaldes iestāde,19.02.2002,12.08.2013,360117,19.02.2002,"ILŪKSTES IELA 2, LATGALES PRIEKŠPILSĒTA, RĪGA, LV-1082",10000,RĪGA,LATGALES PRIEKŠPILSĒTA,ILŪKSTES IELA,2,LV-1082,1800,r253pii@riga.lv,,,,,Pļavnieki
"Rīgas pirmsskolas izglītības iestāde ""Dzilniņa""","Rīgas pirmsskolas izglītības iestāde ""Dzilniņa""",2574,"24,218459","56,942516",,Pirmsskolas izglītības iestāde,Pirmsskolas izglītības iestāde,3701902598,Pastarpinātās pārvaldes iestāde,27.09.2005,27.09.2005,370131,27.09.2005,"DZILNAS IELA 20, VIDZEMES PRIEKŠPILSĒTA, RĪGA, LV-1021",10000,RĪGA,VIDZEMES PRIEKŠPILSĒTA,DZILNAS IELA,20,LV-1021,5589,rpiidzilnina@riga.lv,,,,,Pļavnieki
"Rīgas pirmsskolas izglītības iestāde ""Dzirnaviņas""","Rīgas pirmsskolas izglītības iestāde ""Dzirnaviņas""",933,"24,000857","56,955541",,Pirmsskolas izglītības iestāde,Pirmsskolas izglītības iestāde,3501901934,Pastarpinātās pārvaldes iestāde,28.01.2002,21.07.2004,350120,28.01.2002,"TĀLAVAS GATVE 7, KURZEMES RAJONS, RĪGA, LV-1029",10000,RĪGA,KURZEMES RAJONS,TĀLAVAS GATVE,7,LV-1029,916,rdzirnapii@riga.lv,,,,,Imanta
"Rīgas pirmsskolas izglītības iestāde ""Jumis""","Rīgas pirmsskolas izglītības iestāde ""Jumis""",5117,"24,167347","56,9451512",,Pirmsskolas izglītības iestāde,Pirmsskolas izglītības iestāde,3601903026,Pastarpinātās pārvaldes iestāde,10.06.2014,10.06.2014,,10.06.2014,"JAUNROZES IELA 12, LATGALES PRIEKŠPILSĒTA, RĪGA, LV-1035",10000,RĪGA,LATGALES PRIEKŠPILSĒTA,JAUNROZES IELA,12,LV-1035,,piijumis@riga.lv,,,,,
"Rīgas pirmsskolas izglītības iestāde ""Kadiķītis""","Rīgas pirmsskolas izglītības iestāde ""Kadiķītis""",1191,"24,053192","56,969451",,Pirmsskolas izglītības iestāde,Pirmsskolas izglītības iestāde,3501901757,Pastarpinātās pārvaldes iestāde,20.11.2001,31.10.2014,350111,20.11.2001,"GARĀ IELA 31, KURZEMES RAJONS, RĪGA, LV-1055",10000,RĪGA,KURZEMES RAJONS,GARĀ IELA,31,LV-1055,2570,rpiikadi@riga.lv,,,,,Iļģuciems
"Rīgas pirmsskolas izglītības iestāde ""Kurzeme""","Rīgas pirmsskolas izglītības iestāde ""Kurzeme""",5141,"24,4896054264876","57,3317326",,Pirmsskolas izglītības iestāde,Pirmsskolas izglītības iestāde,3501903041,Pastarpinātās pārvaldes iestāde,31.07.2014,31.07.2014,,31.07.2014,"SLOKAS IELA 130, KURZEMES RAJONS, RĪGA, LV-1067",10000,RĪGA,KURZEMES RAJONS,SLOKAS IELA,130,LV-1067,1841,piikurzeme@riga.lv,,,,,
"Rīgas pirmsskolas izglītības iestāde ""Madariņa""","Rīgas pirmsskolas izglītības iestāde ""Madariņa""",1416,"24,061067","56,96138",,Pirmsskolas izglītības iestāde,Pirmsskolas izglītības iestāde,3501901974,Pastarpinātās pārvaldes iestāde,19.02.2002,19.02.2002,350125,19.02.2002,"DAGMĀRAS IELA 3, KURZEMES RAJONS, RĪGA, LV-1007",10000,RĪGA,KURZEMES RAJONS,DAGMĀRAS IELA,3,LV-1007,1741,rpiimada@riga.lv,,,,,Dzirciems
"Rīgas pirmsskolas izglītības iestāde ""Margrietiņa""","Rīgas pirmsskolas izglītības iestāde ""Margrietiņa""",1504,"24,029095","56,961508",,Pirmsskolas izglītības iestāde,Pirmsskolas izglītības iestāde,3501901830,Pastarpinātās pārvaldes iestāde,03.12.2001,08.09.2004,350116,03.12.2001,"SLOKAS IELA 126, KURZEMES RAJONS, RĪGA, LV-1067",10000,RĪGA,KURZEMES RAJONS,SLOKAS IELA,126,LV-1067,2502,rpiimarg@riga.lv,,,,,Imanta
"Rīgas pirmsskolas izglītības iestāde ""Māra""","Rīgas pirmsskolas izglītības iestāde ""Māra""",1828,"24,187721","56,946472",,Pirmsskolas izglītības iestāde,Pirmsskolas izglītības iestāde,3601902501,Pastarpinātās pārvaldes iestāde,21.07.2004,21.07.2004,360137,21.07.2004,"ZEBIEKSTES IELA 1, LATGALES PRIEKŠPILSĒTA, RĪGA, LV-1082",10000,RĪGA,LATGALES PRIEKŠPILSĒTA,ZEBIEKSTES IELA,1,LV-1082,3188,rpiimara@riga.lv,,,,,Dārzciems
"Rīgas pirmsskolas izglītības iestāde ""Mārdega""","Rīgas pirmsskolas izglītības iestāde ""Mārdega""",2580,"24,144237","56,957542"," Pirmsskolas izglītības iestāde ""Mārdega""",Pirmsskolas izglītības iestāde,Pirmsskolas izglītības iestāde,3401902600,Pastarpinātās pārvaldes iestāde,17.09.2001,03.07.2012,340115,17.09.2001,"TALLINAS IELA 64, LATGALES PRIEKŠPILSĒTA, RĪGA, LV-1009",10000,RĪGA,LATGALES PRIEKŠPILSĒTA,TALLINAS IELA,64,LV-1009,682,mardega@riga.lv,www.mardega.lv,,,,Grīziņkalns
"Rīgas pirmsskolas izglītības iestāde ""Pasaciņa""","Rīgas pirmsskolas izglītības iestāde ""Pasaciņa""",1086,"24,059329","56,957355",,Pirmsskolas izglītības iestāde,Pirmsskolas izglītības iestāde,3501901886,Pastarpinātās pārvaldes iestāde,15.01.2002,15.01.2002,350119,15.01.2002,"EIŽENIJAS IELA 8, KURZEMES RAJONS, RĪGA, LV-1007",10000,RĪGA,KURZEMES RAJONS,EIŽENIJAS IELA,8,LV-1007,820,rpiipasa@riga.lv,,,,,Dzirciems
"Rīgas pirmsskolas izglītības iestāde ""Priedīte""","Rīgas pirmsskolas izglītības iestāde ""Priedīte""",1845,"24,057591","56,943137",,Pirmsskolas izglītības iestāde,Pirmsskolas izglītības iestāde,3501902510,Pastarpinātās pārvaldes iestāde,19.08.2004,01.06.2005,350126,19.08.2004,"VALENTĪNA IELA 10a, KURZEMES RAJONS, RĪGA, LV-1046",10000,RĪGA,KURZEMES RAJONS,VALENTĪNA IELA,10a,LV-1046,1092,rpiipriedite@riga.lv,,,,,Zasulauks
"Rīgas pirmsskolas izglītības iestāde ""Pūcīte""","Rīgas pirmsskolas izglītības iestāde ""Pūcīte""",1603,"24,145321","56,962538",,Pirmsskolas izglītības iestāde,Pirmsskolas izglītības iestāde,3401901914,Pastarpinātās pārvaldes iestāde,23.01.2002,22.05.2009,340103,23.01.2002,"ĒRGĻU IELA 1, CENTRA RAJONS, RĪGA, LV-1012",10000,RĪGA,CENTRA RAJONS,ĒRGĻU IELA,1,LV-1012,3776,rpiipuci@riga.lv,,,,,Grīziņkalns
"Rīgas pirmsskolas izglītības iestāde ""Rotaļa""","Rīgas pirmsskolas izglītības iestāde ""Rotaļa""",4134,"24,150642","56,956448",,Pirmsskolas izglītības iestāde,Pirmsskolas izglītības iestāde,3601902847,Pastarpinātās pārvaldes iestāde,24.02.2011,24.02.2011,360149,24.02.2011,"LAUKU IELA 2b, LATGALES PRIEKŠPILSĒTA, RĪGA, LV-1009",10000,RĪGA,LATGALES PRIEKŠPILSĒTA,LAUKU IELA,2b,LV-1009,763,rotala@riga.lv,,,,,Grīziņkalns
"Rīgas pirmsskolas izglītības iestāde ""Saulstariņi""","Rīgas pirmsskolas izglītības iestāde ""Saulstariņi""",5115,"24,0533638","57,0315157",,Pirmsskolas izglītības iestāde,Pirmsskolas izglītības iestāde,3501903024,Pastarpinātās pārvaldes iestāde,10.06.2014,10.06.2014,,10.06.2014,"GOBAS IELA 27, KURZEMES RAJONS, RĪGA, LV-1016",10000,RĪGA,KURZEMES RAJONS,GOBAS IELA,27,LV-1016,,piisaulst@riga.lv,,,,,
"Rīgas pirmsskolas izglītības iestāde ""Sprīdītis""","Rīgas pirmsskolas izglītības iestāde ""Sprīdītis""",2363,"24,062414","56,933611",,Pirmsskolas izglītības iestāde,Pirmsskolas izglītības iestāde,3801902673,Pastarpinātās pārvaldes iestāde,29.10.2007,29.10.2007,380120,29.10.2007,"PĀRSLAS IELA 16, ZEMGALES PRIEKŠPILSĒTA, RĪGA, LV-1002",10000,RĪGA,ZEMGALES PRIEKŠPILSĒTA,PĀRSLAS IELA,16,LV-1002,1035,rpiispriditis@riga.lv,,,,,Āgenskalns
"Rīgas pirmsskolas izglītības iestāde ""Viršu dārzs""","Rīgas pirmsskolas izglītības iestāde ""Viršu dārzs""",1714,"24,167562","57,006457",,Pirmsskolas izglītības iestāde,Pirmsskolas izglītības iestāde,3901901668,Pastarpinātās pārvaldes iestāde,04.10.2001,22.03.2005,390105,04.10.2001,"CIMZES IELA 3, ZIEMEĻU RAJONS, RĪGA, LV-1014",10000,RĪGA,ZIEMEĻU RAJONS,CIMZES IELA,3,LV-1014,959,rpiivd@riga.lv,,,,,Mežaparks
"Rīgas pirmsskolas izglītības iestāde ""Zvaigznīte""","Rīgas pirmsskolas izglītības iestāde ""Zvaigznīte""",1025,"24,147466","56,95839", Rīgas 194. pirmsskolas izglītības iestāde,Pirmsskolas izglītības iestāde,Pirmsskolas izglītības iestāde,3601901973,Pastarpinātās pārvaldes iestāde,19.02.2002,12.08.2013,360116,19.02.2002,"ZVAIGŽŅU IELA 6, LATGALES PRIEKŠPILSĒTA, RĪGA, LV-1009",10000,RĪGA,LATGALES PRIEKŠPILSĒTA,ZVAIGŽŅU IELA,6,LV-1009,2023,r194pii@riga.lv,,,,,Grīziņkalns
"Rīgas pirmsskolas izglītības iestāde ""Zvaniņš""","Rīgas pirmsskolas izglītības iestāde ""Zvaniņš""",2446,"24,0058659","56,9441094",,Pirmsskolas izglītības iestāde,Pirmsskolas izglītības iestāde,3801902711,Pastarpinātās pārvaldes iestāde,27.04.2000,08.08.2008,380121,27.04.2000,"ZOLITŪDES IELA 44, ZEMGALES PRIEKŠPILSĒTA, RĪGA, LV-1029",10000,RĪGA,ZEMGALES PRIEKŠPILSĒTA,ZOLITŪDES IELA,44,LV-1029,3560,rpiizvanins@riga.lv,,,,,
Rīgas pirmsskolas izglītības iestāde „Annele”,"Rīgas pirmsskolas izglītības iestāde ""Annele""",1061,"24,006758","56,956126"," Rīgas 228. pirmsskolas izglītības iestāde ""Annele""",Pirmsskolas izglītības iestāde,Pirmsskolas izglītības iestāde,3501901941,Pastarpinātās pārvaldes iestāde,04.02.2002,16.01.2013,350121,04.02.2002,"ANNIŅMUIŽAS BULVĀRIS 78, KURZEMES RAJONS, RĪGA, LV-1069",10000,RĪGA,KURZEMES RAJONS,ANNIŅMUIŽAS BULVĀRIS,78,LV-1069,2577,rpiianne@riga.lv,,,,,Imanta
Rīgas pirmsskolas izglītības iestāde „Asniņš”,"Rīgas pirmsskolas izglītības iestāde ""Asniņš""",1655,"24,186004","56,905171", Rīgas 196. pirmsskolas izglītības iestāde,Pirmsskolas izglītības iestāde,Pirmsskolas izglītības iestāde,3601901916,Pastarpinātās pārvaldes iestāde,25.01.2002,16.01.2013,360104,25.01.2002,"MASKAVAS IELA 268, LATGALES PRIEKŠPILSĒTA, RĪGA, LV-1063",10000,RĪGA,LATGALES PRIEKŠPILSĒTA,MASKAVAS IELA,268,LV-1063,800,r196pii@riga.lv,,,,,Ķengarags
Rīgas pirmsskolas izglītības iestāde „Ābelīte”,"Rīgas pirmsskolas izglītības iestāde ""Ābelīte""",1378,"24,126492","56,956992", Rīgas 23. pirmsskolas izglītības iestāde,Pirmsskolas izglītības iestāde,Pirmsskolas izglītības iestāde,3401901971,Pastarpinātās pārvaldes iestāde,19.02.2002,16.01.2013,340106,19.02.2002,"STABU IELA 22, CENTRA RAJONS, RĪGA, LV-1011",10000,RĪGA,CENTRA RAJONS,STABU IELA,22,LV-1011,705,r23pii@riga.lv,,,,,Centrs
Rīgas pirmsskolas izglītības iestāde „Cielaviņa”,"Rīgas pirmsskolas izglītības iestāde ""Cielaviņa""",957,"24,013066","56,966761"," Rīgas 129. pirmsskolas izglītības iestāde ""Cielaviņa""",Pirmsskolas izglītības iestāde,Pirmsskolas izglītības iestāde,3501901943,Pastarpinātās pārvaldes iestāde,04.02.2002,16.01.2013,350122,04.02.2002,"DAMMES IELA 42, KURZEMES RAJONS, RĪGA, LV-1069",10000,RĪGA,KURZEMES RAJONS,DAMMES IELA,42,LV-1069,2483,rpiiciel@riga.lv,,,,,Imanta
Rīgas pirmsskolas izglītības iestāde „Daugaviņa”,"Rīgas pirmsskolas izglītības iestāde ""Daugaviņa""",1715,"24,040489","56,934954"," Rīgas 222. pirmsskolas izglītības iestāde ""Daugaviņa""",Pirmsskolas izglītības iestāde,Pirmsskolas izglītības iestāde,3801901857,Pastarpinātās pārvaldes iestāde,12.12.2001,16.01.2013,380112,12.12.2001,"KUKŠU IELA 1, ZEMGALES PRIEKŠPILSĒTA, RĪGA, LV-1046",10000,RĪGA,ZEMGALES PRIEKŠPILSĒTA,KUKŠU IELA,1,LV-1046,743,rpiidaug@riga.lv,,,,,Pleskodāle
Rīgas pirmsskolas izglītības iestāde „Kamenīte”,"Rīgas pirmsskolas izglītības iestāde ""Kamenīte""",801,"24,027743","56,961543"," Rīgas 65. pirmsskolas izglītības iestāde ""Kamenīte""",Pirmsskolas izglītības iestāde,Pirmsskolas izglītības iestāde,3501901736,Pastarpinātās pārvaldes iestāde,25.10.2001,16.01.2013,350107,25.10.2001,"SLOKAS IELA 126a, KURZEMES RAJONS, RĪGA, LV-1067",10000,RĪGA,KURZEMES RAJONS,SLOKAS IELA,126a,LV-1067,2488,rpiikame@riga.lv,,,,,Imanta
Rīgas pirmsskolas izglītības iestāde „Kamolītis”,"Rīgas pirmsskolas izglītības iestāde ""Kamolītis""",1008,"24,051154","56,962081", Rīgas 226. pirmsskolas izglītības iestāde,Pirmsskolas izglītības iestāde,Pirmsskolas izglītības iestāde,3501901758,Pastarpinātās pārvaldes iestāde,20.11.2001,16.01.2013,350112,20.11.2001,"IĻĢUCIEMA IELA 4, KURZEMES RAJONS, RĪGA, LV-1055",10000,RĪGA,KURZEMES RAJONS,IĻĢUCIEMA IELA,4,LV-1055,2557,rpiikamo@riga.lv,,,,,Iļģuciems
Rīgas pirmsskolas izglītības iestāde „Laismiņa”,"Rīgas pirmsskolas izglītības iestāde ""Laismiņa""",1652,"24,004827","56,962503"," Rīgas 16. pirmsskolas izglītības iestāde ""Laismiņa""",Pirmsskolas izglītības iestāde,Pirmsskolas izglītības iestāde,3501901959,Pastarpinātās pārvaldes iestāde,08.02.2002,16.01.2013,350124,08.02.2002,"SLOKAS IELA 211, KURZEMES RAJONS, RĪGA, LV-1069",10000,RĪGA,KURZEMES RAJONS,SLOKAS IELA,211,LV-1069,2769,rpiilais@riga.lv,,,,,Imanta
Rīgas pirmsskolas izglītības iestāde „Liepiņa”,"Rīgas pirmsskolas izglītības iestāde ""Liepiņa""",1641,"24,128621","56,99946"," Rīgas 175. pirmsskolas izglītības iestāde ""Liepiņa""",Pirmsskolas izglītības iestāde,Pirmsskolas izglītības iestāde,3901901700,Pastarpinātās pārvaldes iestāde,22.10.2001,16.01.2013,390108,22.10.2001,"VIESTURA PROSPEKTS 29, ZIEMEĻU RAJONS, RĪGA, LV-1005",10000,RĪGA,ZIEMEĻU RAJONS,VIESTURA PROSPEKTS,29,LV-1005,1019,rpiiliep@riga.lv,,,,,Sarkandaugava
Rīgas pirmsskolas izglītības iestāde „Mārītes”,"Rīgas pirmsskolas izglītības iestāde ""Mārītes""",963,"24,066925","56,969609", Rīgas 142. pirmsskolas izglītības iestāde,Pirmsskolas izglītības iestāde,Pirmsskolas izglītības iestāde,3501901944,Pastarpinātās pārvaldes iestāde,04.02.2002,31.10.2014,350123,04.02.2002,"MOTORU IELA 8, KURZEMES RAJONS, RĪGA, LV-1055",10000,RĪGA,KURZEMES RAJONS,MOTORU IELA,8,LV-1055,1227,r142pii@riga.lv,,,,,Iļģuciems
Rīgas pirmsskolas izglītības iestāde „Mežrozīte”,"Rīgas pirmsskolas izglītības iestāde ""Mežrozīte""",1387,"24,051787","56,948877", Rīgas 199. pirmsskolas izglītības iestāde,Pirmsskolas izglītības iestāde,Pirmsskolas izglītības iestāde,3501901824,Pastarpinātās pārvaldes iestāde,27.11.2001,23.05.2013,350131,27.11.2001,"RODODENDRU IELA 6, KURZEMES RAJONS, RĪGA, LV-1083",10000,RĪGA,KURZEMES RAJONS,RODODENDRU IELA,6,LV-1083,1639,r199pii@riga.lv,,,,,Zasulauks
Rīgas pirmsskolas izglītības iestāde „Pīlādzītis”,"Rīgas pirmsskolas izglītības iestāde ""Pīlādzītis""",978,"24,155245","56,954096"," Rīgas 39. pirmsskolas izglītības iestāde ""Pīlādzītis""",Pirmsskolas izglītības iestāde,Pirmsskolas izglītības iestāde,3601901997,Pastarpinātās pārvaldes iestāde,27.02.2002,16.01.2013,360121,27.02.2002,"AUGŠIELA 8, LATGALES PRIEKŠPILSĒTA, RĪGA, LV-1009",10000,RĪGA,LATGALES PRIEKŠPILSĒTA,AUGŠIELA,8,LV-1009,855,rpiipila@riga.lv,,,,,Grīziņkalns
Rīgas pirmsskolas izglītības iestāde „Vadakstīte”,"Rīgas pirmsskolas izglītības iestāde ""Vadakstīte""",1006,"24,094734","56,913735", Rīgas 76. pirmsskolas izglītības iestāde,Pirmsskolas izglītības iestāde,Pirmsskolas izglītības iestāde,3801901869,Pastarpinātās pārvaldes iestāde,17.12.2001,16.01.2013,380114,17.12.2001,"VADAKSTES IELA 16, ZEMGALES PRIEKŠPILSĒTA, RĪGA, LV-1058",10000,RĪGA,ZEMGALES PRIEKŠPILSĒTA,VADAKSTES IELA,16,LV-1058,964,r76pii@riga.lv,,,,,Ziepniekkalns
Rīgas Ziedoņdārza pirmsskola,Rīgas Ziedoņdārza pirmsskola,5116,"24,141680450162","56,9541002",,Pirmsskolas izglītības iestāde,Pirmsskolas izglītības iestāde,3601903025,Pastarpinātās pārvaldes iestāde,10.06.2014,10.06.2014,,10.06.2014,"MATĪSA IELA 75, LATGALES PRIEKŠPILSĒTA, RĪGA, LV-1009",10000,RĪGA,LATGALES PRIEKŠPILSĒTA,MATĪSA IELA,75,LV-1009,,piizied@riga.lv,,,,,
Rīgas Ziepniekkalna pirmsskola,Rīgas Ziepniekkalna pirmsskola,1534,"24,091687","56,914051",,Pirmsskolas izglītības iestāde,Pirmsskolas izglītības iestāde,3801901429,Pastarpinātās pārvaldes iestāde,21.02.2001,15.04.2003,380101,21.02.2001,"SVĒTES IELA 7, ZEMGALES PRIEKŠPILSĒTA, RĪGA, LV-1058",10000,RĪGA,ZEMGALES PRIEKŠPILSĒTA,SVĒTES IELA,7,LV-1058,1185,rziepnie@riga.lv,,,,,Ziepniekkalns
Rīgas Zolitūdes pirmsskola,Rīgas Zolitūdes pirmsskola,803,"24,005073","56,944816",,Pirmsskolas izglītības iestāde,Pirmsskolas izglītības iestāde,3801901835,Pastarpinātās pārvaldes iestāde,03.12.2001,23.04.2002,380110,03.12.2001,"ZOLITŪDES IELA 42, ZEMGALES PRIEKŠPILSĒTA, RĪGA, LV-1029",10000,RĪGA,ZEMGALES PRIEKŠPILSĒTA,ZOLITŪDES IELA,42,LV-1029,2396,rzolitud@riga.lv,,,,,Zolitūde
